player_team,Player_jersey,reds,yellows,off_sides,fouls_number,,
Senegal,1,NULL,NULL,NULL,NULL,,"insert into player_stat values ('Senegal',1,NULL,NULL,NULL,NULL);"
Croatia,19,0,0,0,4,,"insert into player_stat values ('Croatia',19,0,0,0,4);"
Peru,18,0,0,1,2,,"insert into player_stat values ('Peru',18,0,0,1,2);"
Argentina,8,0,1,0,1,,"insert into player_stat values ('Argentina',8,0,1,0,1);"
Sweden,3,0,0,0,1,,"insert into player_stat values ('Sweden',3,0,0,0,1);"
Egypt,1,0,0,0,0,,"insert into player_stat values ('Egypt',1,0,0,0,0);"
Switzerland,20,0,0,0,1,,"insert into player_stat values ('Switzerland',20,0,0,0,1);"
Tunisia,23,0,0,0,1,,"insert into player_stat values ('Tunisia',23,0,0,0,1);"
Russia,21,0,0,0,3,,"insert into player_stat values ('Russia',21,0,0,0,3);"
Uruguay,16,NULL,NULL,NULL,NULL,,"insert into player_stat values ('Uruguay',16,NULL,NULL,NULL,NULL);"
Uruguay,9,0,0,1,5,,"insert into player_stat values ('Uruguay',9,0,0,1,5);"
Portugal,4,0,0,0,0,,"insert into player_stat values ('Portugal',4,0,0,0,0);"
Costa Rica,2,0,1,0,1,,"insert into player_stat values ('Costa Rica',2,0,1,0,1);"
France,2,0,1,0,9,,"insert into player_stat values ('France',2,0,1,0,9);"
Russia,3,0,1,0,5,,"insert into player_stat values ('Russia',3,0,1,0,5);"
Spain,3,0,1,0,4,,"insert into player_stat values ('Spain',3,0,1,0,4);"
Morocco,15,NULL,NULL,NULL,NULL,,"insert into player_stat values ('Morocco',15,NULL,NULL,NULL,NULL);"
Argentina,13,0,0,1,3,,"insert into player_stat values ('Argentina',13,0,0,1,3);"
Panama,3,0,0,0,0,,"insert into player_stat values ('Panama',3,0,0,0,0);"
Uruguay,13,NULL,NULL,NULL,NULL,,"insert into player_stat values ('Uruguay',13,NULL,NULL,NULL,NULL);"
Switzerland,11,0,2,0,8,,"insert into player_stat values ('Switzerland',11,0,2,0,8);"
Brazil,2,0,0,0,2,,"insert into player_stat values ('Brazil',2,0,0,0,2);"
Senegal,22,0,0,0,1,,"insert into player_stat values ('Senegal',22,0,0,0,1);"
Peru,1,0,0,0,0,,"insert into player_stat values ('Peru',1,0,0,0,0);"
Serbia,12,NULL,NULL,NULL,NULL,,"insert into player_stat values ('Serbia',12,NULL,NULL,NULL,NULL);"
Croatia,1,NULL,NULL,NULL,NULL,,"insert into player_stat values ('Croatia',1,NULL,NULL,NULL,NULL);"
Australia,17,0,1,0,1,,"insert into player_stat values ('Australia',17,0,1,0,1);"
Senegal,11,0,1,0,1,,"insert into player_stat values ('Senegal',11,0,1,0,1);"
Russia,6,0,0,0,7,,"insert into player_stat values ('Russia',6,0,0,0,7);"
Peru,17,0,0,0,2,,"insert into player_stat values ('Peru',17,0,0,0,2);"
Germany,3,0,0,1,2,,"insert into player_stat values ('Germany',3,0,0,1,2);"
Senegal,15,0,0,0,0,,"insert into player_stat values ('Senegal',15,0,0,0,0);"
Saudi Arabia,22,0,0,0,0,,"insert into player_stat values ('Saudi Arabia',22,0,0,0,0);"
England,17,0,0,1,1,,"insert into player_stat values ('England',17,0,0,1,1);"
France,18,0,0,0,3,,"insert into player_stat values ('France',18,0,0,0,3);"
Argentina,9,0,0,0,2,,"insert into player_stat values ('Argentina',9,0,0,0,2);"
Argentina,5,0,0,0,0,,"insert into player_stat values ('Argentina',5,0,0,0,0);"
Panama,13,0,0,0,0,,"insert into player_stat values ('Panama',13,0,0,0,0);"
Germany,23,0,0,1,0,,"insert into player_stat values ('Germany',23,0,0,1,0);"
Argentina,17,0,2,0,3,,"insert into player_stat values ('Argentina',17,0,2,0,3);"
Panama,16,0,0,1,1,,"insert into player_stat values ('Panama',16,0,0,1,1);"
Saudi Arabia,4,0,0,0,0,,"insert into player_stat values ('Saudi Arabia',4,0,0,0,0);"
France,14,0,2,0,12,,"insert into player_stat values ('France',14,0,2,0,12);"
Belgium,9,0,0,1,10,,"insert into player_stat values ('Belgium',9,0,0,1,10);"
Korea Republic,1,NULL,NULL,NULL,NULL,,"insert into player_stat values ('Korea Republic',1,NULL,NULL,NULL,NULL);"
Tunisia,12,0,0,0,1,,"insert into player_stat values ('Tunisia',12,0,0,0,1);"
Poland,2,0,0,0,1,,"insert into player_stat values ('Poland',2,0,0,0,1);"
Spain,22,0,0,3,1,,"insert into player_stat values ('Spain',22,0,0,3,1);"
Uruguay,23,NULL,NULL,NULL,NULL,,"insert into player_stat values ('Uruguay',23,NULL,NULL,NULL,NULL);"
Denmark,23,0,1,0,0,,"insert into player_stat values ('Denmark',23,0,1,0,0);"
Croatia,17,0,2,3,13,,"insert into player_stat values ('Croatia',17,0,2,3,13);"
Sweden,2,0,2,0,4,,"insert into player_stat values ('Sweden',2,0,2,0,4);"
Brazil,12,0,0,0,1,,"insert into player_stat values ('Brazil',12,0,0,0,1);"
Belgium,23,0,1,0,2,,"insert into player_stat values ('Belgium',23,0,1,0,2);"
Serbia,17,0,0,0,2,,"insert into player_stat values ('Serbia',17,0,0,0,2);"
Denmark,8,0,1,0,11,,"insert into player_stat values ('Denmark',8,0,1,0,11);"
Belgium,14,0,0,2,3,,"insert into player_stat values ('Belgium',14,0,0,2,3);"
Sweden,16,0,0,0,0,,"insert into player_stat values ('Sweden',16,0,0,0,0);"
Senegal,2,NULL,NULL,NULL,NULL,,"insert into player_stat values ('Senegal',2,NULL,NULL,NULL,NULL);"
Nigeria,20,NULL,NULL,NULL,NULL,,"insert into player_stat values ('Nigeria',20,NULL,NULL,NULL,NULL);"
Brazil,1,0,0,0,0,,"insert into player_stat values ('Brazil',1,0,0,0,0);"
Morocco,23,0,0,0,1,,"insert into player_stat values ('Morocco',23,0,0,0,1);"
Morocco,21,0,0,0,2,,"insert into player_stat values ('Morocco',21,0,0,0,2);"
Brazil,17,0,1,0,4,,"insert into player_stat values ('Brazil',17,0,1,0,4);"
Portugal,12,NULL,NULL,NULL,NULL,,"insert into player_stat values ('Portugal',12,NULL,NULL,NULL,NULL);"
Poland,7,0,0,0,0,,"insert into player_stat values ('Poland',7,0,0,0,0);"
Iceland,18,0,0,0,4,,"insert into player_stat values ('Iceland',18,0,0,0,4);"
Iceland,11,0,1,1,6,,"insert into player_stat values ('Iceland',11,0,1,1,6);"
Uruguay,19,0,0,0,2,,"insert into player_stat values ('Uruguay',19,0,0,0,2);"
Switzerland,1,0,0,0,0,,"insert into player_stat values ('Switzerland',1,0,0,0,0);"
Colombia,1,0,0,0,0,,"insert into player_stat values ('Colombia',1,0,0,0,0);"
Panama,4,0,1,0,5,,"insert into player_stat values ('Panama',4,0,1,0,5);"
Croatia,14,0,0,0,0,,"insert into player_stat values ('Croatia',14,0,0,0,0);"
Germany,7,0,0,0,4,,"insert into player_stat values ('Germany',7,0,0,0,4);"
Iceland,7,0,0,0,0,,"insert into player_stat values ('Iceland',7,0,0,0,0);"
Denmark,21,0,0,0,3,,"insert into player_stat values ('Denmark',21,0,0,0,3);"
Panama,20,0,1,0,6,,"insert into player_stat values ('Panama',20,0,1,0,6);"
Nigeria,7,0,0,1,5,,"insert into player_stat values ('Nigeria',7,0,0,1,5);"
Morocco,22,NULL,NULL,NULL,NULL,,"insert into player_stat values ('Morocco',22,NULL,NULL,NULL,NULL);"
Nigeria,5,0,1,0,2,,"insert into player_stat values ('Nigeria',5,0,1,0,2);"
Korea Republic,23,0,0,0,0,,"insert into player_stat values ('Korea Republic',23,0,0,0,0);"
Colombia,23,0,0,0,2,,"insert into player_stat values ('Colombia',23,0,0,0,2);"
France,23,NULL,NULL,NULL,NULL,,"insert into player_stat values ('France',23,NULL,NULL,NULL,NULL);"
Nigeria,3,NULL,NULL,NULL,NULL,,"insert into player_stat values ('Nigeria',3,NULL,NULL,NULL,NULL);"
Brazil,16,NULL,NULL,NULL,NULL,,"insert into player_stat values ('Brazil',16,NULL,NULL,NULL,NULL);"
Belgium,1,0,0,0,0,,"insert into player_stat values ('Belgium',1,0,0,0,0);"
Serbia,7,0,0,0,0,,"insert into player_stat values ('Serbia',7,0,0,0,0);"
Poland,3,0,0,0,2,,"insert into player_stat values ('Poland',3,0,0,0,2);"
Switzerland,22,0,2,0,4,,"insert into player_stat values ('Switzerland',22,0,2,0,4);"
Argentina,18,0,0,0,0,,"insert into player_stat values ('Argentina',18,0,0,0,0);"
Poland,12,NULL,NULL,NULL,NULL,,"insert into player_stat values ('Poland',12,NULL,NULL,NULL,NULL);"
Korea Republic,15,0,2,0,4,,"insert into player_stat values ('Korea Republic',15,0,2,0,4);"
Denmark,3,NULL,NULL,NULL,NULL,,"insert into player_stat values ('Denmark',3,NULL,NULL,NULL,NULL);"
Uruguay,22,0,0,0,4,,"insert into player_stat values ('Uruguay',22,0,0,0,4);"
Peru,23,0,1,0,5,,"insert into player_stat values ('Peru',23,0,1,0,5);"
Tunisia,6,0,0,0,0,,"insert into player_stat values ('Tunisia',6,0,0,0,0);"
Iceland,1,0,0,0,0,,"insert into player_stat values ('Iceland',1,0,0,0,0);"
Japan,17,0,1,0,6,,"insert into player_stat values ('Japan',17,0,1,0,6);"
Korea Republic,8,0,0,0,3,,"insert into player_stat values ('Korea Republic',8,0,0,0,3);"
Panama,9,0,0,1,1,,"insert into player_stat values ('Panama',9,0,0,1,1);"
Japan,6,NULL,NULL,NULL,NULL,,"insert into player_stat values ('Japan',6,NULL,NULL,NULL,NULL);"
Denmark,15,0,0,1,0,,"insert into player_stat values ('Denmark',15,0,0,1,0);"
Korea Republic,5,0,0,0,1,,"insert into player_stat values ('Korea Republic',5,0,0,0,1);"
Panama,1,0,0,0,0,,"insert into player_stat values ('Panama',1,0,0,0,0);"
IR Iran,12,NULL,NULL,NULL,NULL,,"insert into player_stat values ('IR Iran',12,NULL,NULL,NULL,NULL);"
Switzerland,4,NULL,NULL,NULL,NULL,,"insert into player_stat values ('Switzerland',4,NULL,NULL,NULL,NULL);"
Colombia,5,0,2,0,8,,"insert into player_stat values ('Colombia',5,0,2,0,8);"
Uruguay,18,0,0,0,1,,"insert into player_stat values ('Uruguay',18,0,0,0,1);"
Uruguay,14,0,0,0,4,,"insert into player_stat values ('Uruguay',14,0,0,0,4);"
Argentina,11,0,0,3,1,,"insert into player_stat values ('Argentina',11,0,0,3,1);"
England,13,NULL,NULL,NULL,NULL,,"insert into player_stat values ('England',13,NULL,NULL,NULL,NULL);"
Peru,22,NULL,NULL,NULL,NULL,,"insert into player_stat values ('Peru',22,NULL,NULL,NULL,NULL);"
Mexico,11,0,0,1,3,,"insert into player_stat values ('Mexico',11,0,0,1,3);"
Senegal,17,0,0,0,1,,"insert into player_stat values ('Senegal',17,0,0,0,1);"
Senegal,9,0,0,2,1,,"insert into player_stat values ('Senegal',9,0,0,2,1);"
Germany,9,0,0,3,1,,"insert into player_stat values ('Germany',9,0,0,3,1);"
Brazil,6,0,1,0,1,,"insert into player_stat values ('Brazil',6,0,1,0,1);"
Croatia,10,0,0,0,12,,"insert into player_stat values ('Croatia',10,0,0,0,12);"
Spain,13,NULL,NULL,NULL,NULL,,"insert into player_stat values ('Spain',13,NULL,NULL,NULL,NULL);"
Nigeria,16,NULL,NULL,NULL,NULL,,"insert into player_stat values ('Nigeria',16,NULL,NULL,NULL,NULL);"
England,3,0,0,1,1,,"insert into player_stat values ('England',3,0,0,1,1);"
Korea Republic,14,0,0,0,2,,"insert into player_stat values ('Korea Republic',14,0,0,0,2);"
Denmark,9,0,0,2,4,,"insert into player_stat values ('Denmark',9,0,0,2,4);"
Switzerland,21,NULL,NULL,NULL,NULL,,"insert into player_stat values ('Switzerland',21,NULL,NULL,NULL,NULL);"
Morocco,12,0,1,0,0,,"insert into player_stat values ('Morocco',12,0,1,0,0);"
Portugal,20,0,1,0,4,,"insert into player_stat values ('Portugal',20,0,1,0,4);"
Russia,12,NULL,NULL,NULL,NULL,,"insert into player_stat values ('Russia',12,NULL,NULL,NULL,NULL);"
Saudi Arabia,6,0,0,0,0,,"insert into player_stat values ('Saudi Arabia',6,0,0,0,0);"
Serbia,19,0,0,0,0,,"insert into player_stat values ('Serbia',19,0,0,0,0);"
Saudi Arabia,13,0,0,0,4,,"insert into player_stat values ('Saudi Arabia',13,0,0,0,4);"
Belgium,7,0,1,0,5,,"insert into player_stat values ('Belgium',7,0,1,0,5);"
Korea Republic,10,0,1,0,2,,"insert into player_stat values ('Korea Republic',10,0,1,0,2);"
England,4,0,0,0,5,,"insert into player_stat values ('England',4,0,0,0,5);"
Korea Republic,19,0,1,0,4,,"insert into player_stat values ('Korea Republic',19,0,1,0,4);"
Belgium,8,0,0,1,12,,"insert into player_stat values ('Belgium',8,0,0,1,12);"
Japan,23,NULL,NULL,NULL,NULL,,"insert into player_stat values ('Japan',23,NULL,NULL,NULL,NULL);"
Peru,2,0,0,0,2,,"insert into player_stat values ('Peru',2,0,0,0,2);"
Uruguay,1,0,0,0,0,,"insert into player_stat values ('Uruguay',1,0,0,0,0);"
France,19,0,0,0,1,,"insert into player_stat values ('France',19,0,0,0,1);"
Switzerland,23,0,1,0,3,,"insert into player_stat values ('Switzerland',23,0,1,0,3);"
Australia,7,0,1,0,6,,"insert into player_stat values ('Australia',7,0,1,0,6);"
Costa Rica,23,NULL,NULL,NULL,NULL,,"insert into player_stat values ('Costa Rica',23,NULL,NULL,NULL,NULL);"
IR Iran,21,NULL,NULL,NULL,NULL,,"insert into player_stat values ('IR Iran',21,NULL,NULL,NULL,NULL);"
Belgium,22,0,0,1,2,,"insert into player_stat values ('Belgium',22,0,0,1,2);"
Serbia,5,NULL,NULL,NULL,NULL,,"insert into player_stat values ('Serbia',5,NULL,NULL,NULL,NULL);"
Mexico,16,0,2,1,15,,"insert into player_stat values ('Mexico',16,0,2,1,15);"
Tunisia,22,0,0,0,0,,"insert into player_stat values ('Tunisia',22,0,0,0,0);"
Brazil,7,0,0,0,0,,"insert into player_stat values ('Brazil',7,0,0,0,0);"
France,15,0,0,0,0,,"insert into player_stat values ('France',15,0,0,0,0);"
Sweden,10,0,0,0,3,,"insert into player_stat values ('Sweden',10,0,0,0,3);"
Russia,9,0,0,0,0,,"insert into player_stat values ('Russia',9,0,0,0,0);"
Croatia,22,0,1,0,5,,"insert into player_stat values ('Croatia',22,0,1,0,5);"
Australia,8,NULL,NULL,NULL,NULL,,"insert into player_stat values ('Australia',8,NULL,NULL,NULL,NULL);"
Sweden,14,NULL,NULL,NULL,NULL,,"insert into player_stat values ('Sweden',14,NULL,NULL,NULL,NULL);"
Spain,7,NULL,NULL,NULL,NULL,,"insert into player_stat values ('Spain',7,NULL,NULL,NULL,NULL);"
Saudi Arabia,1,0,0,0,0,,"insert into player_stat values ('Saudi Arabia',1,0,0,0,0);"
Panama,21,0,0,0,3,,"insert into player_stat values ('Panama',21,0,0,0,3);"
Korea Republic,9,0,1,0,3,,"insert into player_stat values ('Korea Republic',9,0,1,0,3);"
Nigeria,14,0,0,1,1,,"insert into player_stat values ('Nigeria',14,0,0,1,1);"
Morocco,13,0,0,1,3,,"insert into player_stat values ('Morocco',13,0,0,1,3);"
Portugal,15,0,0,0,3,,"insert into player_stat values ('Portugal',15,0,0,0,3);"
England,9,0,0,4,4,,"insert into player_stat values ('England',9,0,0,4,4);"
Panama,19,0,1,0,5,,"insert into player_stat values ('Panama',19,0,1,0,5);"
England,22,0,0,1,0,,"insert into player_stat values ('England',22,0,0,1,0);"
Uruguay,15,0,0,0,8,,"insert into player_stat values ('Uruguay',15,0,0,0,8);"
Tunisia,7,0,0,0,2,,"insert into player_stat values ('Tunisia',7,0,0,0,2);"
Belgium,6,0,1,0,9,,"insert into player_stat values ('Belgium',6,0,1,0,9);"
Saudi Arabia,3,0,0,0,3,,"insert into player_stat values ('Saudi Arabia',3,0,0,0,3);"
France,20,0,0,0,0,,"insert into player_stat values ('France',20,0,0,0,0);"
Belgium,17,0,1,0,4,,"insert into player_stat values ('Belgium',17,0,1,0,4);"
Peru,4,0,0,0,0,,"insert into player_stat values ('Peru',4,0,0,0,0);"
Peru,19,0,1,0,5,,"insert into player_stat values ('Peru',19,0,1,0,5);"
Serbia,21,0,2,0,6,,"insert into player_stat values ('Serbia',21,0,2,0,6);"
Peru,20,0,0,1,3,,"insert into player_stat values ('Peru',20,0,0,1,3);"
Uruguay,5,0,0,0,1,,"insert into player_stat values ('Uruguay',5,0,0,0,1);"
Nigeria,23,0,0,0,0,,"insert into player_stat values ('Nigeria',23,0,0,0,0);"
Germany,16,0,0,0,2,,"insert into player_stat values ('Germany',16,0,0,0,2);"
Poland,9,0,0,1,5,,"insert into player_stat values ('Poland',9,0,0,1,5);"
Germany,11,0,0,1,3,,"insert into player_stat values ('Germany',11,0,0,1,3);"
Denmark,17,0,0,0,1,,"insert into player_stat values ('Denmark',17,0,0,0,1);"
Russia,23,1,0,0,1,,"insert into player_stat values ('Russia',23,1,0,0,1);"
Tunisia,13,0,2,0,7,,"insert into player_stat values ('Tunisia',13,0,2,0,7);"
IR Iran,6,0,0,1,4,,"insert into player_stat values ('IR Iran',6,0,0,1,4);"
Spain,17,0,0,0,2,,"insert into player_stat values ('Spain',17,0,0,0,2);"
Iceland,16,NULL,NULL,NULL,NULL,,"insert into player_stat values ('Iceland',16,NULL,NULL,NULL,NULL);"
Panama,22,NULL,NULL,NULL,NULL,,"insert into player_stat values ('Panama',22,NULL,NULL,NULL,NULL);"
Brazil,10,0,1,6,4,,"insert into player_stat values ('Brazil',10,0,1,6,4);"
England,14,0,0,0,0,,"insert into player_stat values ('England',14,0,0,0,0);"
Argentina,1,NULL,NULL,NULL,NULL,,"insert into player_stat values ('Argentina',1,NULL,NULL,NULL,NULL);"
Germany,19,0,0,0,1,,"insert into player_stat values ('Germany',19,0,0,0,1);"
Colombia,9,0,1,4,7,,"insert into player_stat values ('Colombia',9,0,1,4,7);"
Senegal,19,0,2,2,5,,"insert into player_stat values ('Senegal',19,0,2,2,5);"
Costa Rica,20,0,1,0,7,,"insert into player_stat values ('Costa Rica',20,0,1,0,7);"
Serbia,2,0,0,0,2,,"insert into player_stat values ('Serbia',2,0,0,0,2);"
Peru,10,0,0,0,5,,"insert into player_stat values ('Peru',10,0,0,0,5);"
Egypt,14,0,0,0,1,,"insert into player_stat values ('Egypt',14,0,0,0,1);"
Sweden,6,0,0,0,3,,"insert into player_stat values ('Sweden',6,0,0,0,3);"
Mexico,19,0,0,0,0,,"insert into player_stat values ('Mexico',19,0,0,0,0);"
Tunisia,16,0,0,0,0,,"insert into player_stat values ('Tunisia',16,0,0,0,0);"
Costa Rica,5,0,0,0,2,,"insert into player_stat values ('Costa Rica',5,0,0,0,2);"
England,8,0,1,0,3,,"insert into player_stat values ('England',8,0,1,0,3);"
Croatia,2,0,2,0,10,,"insert into player_stat values ('Croatia',2,0,2,0,10);"
France,6,0,1,0,14,,"insert into player_stat values ('France',6,0,1,0,14);"
France,17,NULL,NULL,NULL,NULL,,"insert into player_stat values ('France',17,NULL,NULL,NULL,NULL);"
Morocco,8,0,2,0,7,,"insert into player_stat values ('Morocco',8,0,2,0,7);"
Mexico,1,NULL,NULL,NULL,NULL,,"insert into player_stat values ('Mexico',1,NULL,NULL,NULL,NULL);"
Spain,23,NULL,NULL,NULL,NULL,,"insert into player_stat values ('Spain',23,NULL,NULL,NULL,NULL);"
Poland,23,0,0,0,2,,"insert into player_stat values ('Poland',23,0,0,0,2);"
Costa Rica,6,0,0,0,2,,"insert into player_stat values ('Costa Rica',6,0,0,0,2);"
Germany,2,0,0,0,0,,"insert into player_stat values ('Germany',2,0,0,0,0);"
Nigeria,9,0,0,0,5,,"insert into player_stat values ('Nigeria',9,0,0,0,5);"
Japan,20,0,1,0,1,,"insert into player_stat values ('Japan',20,0,1,0,1);"
Nigeria,19,NULL,NULL,NULL,NULL,,"insert into player_stat values ('Nigeria',19,NULL,NULL,NULL,NULL);"
England,11,0,0,1,2,,"insert into player_stat values ('England',11,0,0,1,2);"
Japan,5,0,0,0,2,,"insert into player_stat values ('Japan',5,0,0,0,2);"
Croatia,4,0,0,2,4,,"insert into player_stat values ('Croatia',4,0,0,2,4);"
Australia,23,0,1,0,3,,"insert into player_stat values ('Australia',23,0,1,0,3);"
Tunisia,15,0,0,0,2,,"insert into player_stat values ('Tunisia',15,0,0,0,2);"
Colombia,8,0,0,0,0,,"insert into player_stat values ('Colombia',8,0,0,0,0);"
Egypt,9,0,0,1,4,,"insert into player_stat values ('Egypt',9,0,0,1,4);"
Costa Rica,22,NULL,NULL,NULL,NULL,,"insert into player_stat values ('Costa Rica',22,NULL,NULL,NULL,NULL);"
Australia,1,0,0,0,0,,"insert into player_stat values ('Australia',1,0,0,0,0);"
Portugal,11,0,0,0,2,,"insert into player_stat values ('Portugal',11,0,0,0,2);"
Spain,21,0,0,1,3,,"insert into player_stat values ('Spain',21,0,0,1,3);"
England,21,0,1,0,3,,"insert into player_stat values ('England',21,0,1,0,3);"
Australia,20,0,0,0,2,,"insert into player_stat values ('Australia',20,0,0,0,2);"
Nigeria,8,0,0,0,4,,"insert into player_stat values ('Nigeria',8,0,0,0,4);"
Japan,7,0,1,0,7,,"insert into player_stat values ('Japan',7,0,1,0,7);"
Croatia,3,0,1,0,11,,"insert into player_stat values ('Croatia',3,0,1,0,11);"
Spain,1,0,0,0,0,,"insert into player_stat values ('Spain',1,0,0,0,0);"
Poland,18,0,0,0,4,,"insert into player_stat values ('Poland',18,0,0,0,4);"
Uruguay,6,0,2,0,8,,"insert into player_stat values ('Uruguay',6,0,2,0,8);"
Colombia,14,0,0,1,3,,"insert into player_stat values ('Colombia',14,0,0,1,3);"
Portugal,7,0,2,1,3,,"insert into player_stat values ('Portugal',7,0,2,1,3);"
Costa Rica,18,NULL,NULL,NULL,NULL,,"insert into player_stat values ('Costa Rica',18,NULL,NULL,NULL,NULL);"
Russia,19,0,0,0,8,,"insert into player_stat values ('Russia',19,0,0,0,8);"
Peru,9,0,1,3,3,,"insert into player_stat values ('Peru',9,0,1,3,3);"
Japan,12,NULL,NULL,NULL,NULL,,"insert into player_stat values ('Japan',12,NULL,NULL,NULL,NULL);"
Sweden,9,0,0,5,15,,"insert into player_stat values ('Sweden',9,0,0,5,15);"
Nigeria,12,0,0,0,1,,"insert into player_stat values ('Nigeria',12,0,0,0,1);"
Mexico,18,0,1,0,2,,"insert into player_stat values ('Mexico',18,0,1,0,2);"
Nigeria,21,0,0,0,1,,"insert into player_stat values ('Nigeria',21,0,0,0,1);"
Australia,18,NULL,NULL,NULL,NULL,,"insert into player_stat values ('Australia',18,NULL,NULL,NULL,NULL);"
IR Iran,18,0,1,0,5,,"insert into player_stat values ('IR Iran',18,0,1,0,5);"
Iceland,14,0,0,0,4,,"insert into player_stat values ('Iceland',14,0,0,0,4);"
Spain,5,0,1,0,5,,"insert into player_stat values ('Spain',5,0,1,0,5);"
Serbia,15,0,0,0,1,,"insert into player_stat values ('Serbia',15,0,0,0,1);"
Saudi Arabia,16,0,0,0,2,,"insert into player_stat values ('Saudi Arabia',16,0,0,0,2);"
Belgium,21,0,0,2,0,,"insert into player_stat values ('Belgium',21,0,0,2,0);"
Egypt,7,0,1,0,7,,"insert into player_stat values ('Egypt',7,0,1,0,7);"
France,8,0,0,0,1,,"insert into player_stat values ('France',8,0,0,0,1);"
Australia,14,NULL,NULL,NULL,NULL,,"insert into player_stat values ('Australia',14,NULL,NULL,NULL,NULL);"
France,21,0,2,0,8,,"insert into player_stat values ('France',21,0,2,0,8);"
Russia,2,0,0,1,4,,"insert into player_stat values ('Russia',2,0,0,1,4);"
France,16,0,0,0,0,,"insert into player_stat values ('France',16,0,0,0,0);"
Spain,2,0,0,0,2,,"insert into player_stat values ('Spain',2,0,0,0,2);"
Mexico,22,0,0,1,6,,"insert into player_stat values ('Mexico',22,0,0,1,6);"
Belgium,12,NULL,NULL,NULL,NULL,,"insert into player_stat values ('Belgium',12,NULL,NULL,NULL,NULL);"
Sweden,7,0,3,0,9,,"insert into player_stat values ('Sweden',7,0,3,0,9);"
Mexico,17,0,0,0,0,,"insert into player_stat values ('Mexico',17,0,0,0,0);"
Brazil,8,0,0,0,1,,"insert into player_stat values ('Brazil',8,0,0,0,1);"
Saudi Arabia,2,NULL,NULL,NULL,NULL,,"insert into player_stat values ('Saudi Arabia',2,NULL,NULL,NULL,NULL);"
Germany,5,0,1,0,3,,"insert into player_stat values ('Germany',5,0,1,0,3);"
Argentina,7,0,2,0,3,,"insert into player_stat values ('Argentina',7,0,2,0,3);"
Peru,12,NULL,NULL,NULL,NULL,,"insert into player_stat values ('Peru',12,NULL,NULL,NULL,NULL);"
Switzerland,8,NULL,NULL,NULL,NULL,,"insert into player_stat values ('Switzerland',8,NULL,NULL,NULL,NULL);"
Saudi Arabia,19,0,0,2,4,,"insert into player_stat values ('Saudi Arabia',19,0,0,2,4);"
Brazil,9,0,0,3,6,,"insert into player_stat values ('Brazil',9,0,0,3,6);"
Uruguay,21,0,0,0,4,,"insert into player_stat values ('Uruguay',21,0,0,0,4);"
Denmark,18,0,0,0,0,,"insert into player_stat values ('Denmark',18,0,0,0,0);"
Argentina,2,0,1,0,10,,"insert into player_stat values ('Argentina',2,0,1,0,10);"
Japan,16,0,0,0,2,,"insert into player_stat values ('Japan',16,0,0,0,2);"
Peru,11,0,0,0,1,,"insert into player_stat values ('Peru',11,0,0,0,1);"
Russia,8,0,2,0,5,,"insert into player_stat values ('Russia',8,0,2,0,5);"
Iceland,22,0,0,0,0,,"insert into player_stat values ('Iceland',22,0,0,0,0);"
Korea Republic,3,NULL,NULL,NULL,NULL,,"insert into player_stat values ('Korea Republic',3,NULL,NULL,NULL,NULL);"
Germany,18,0,0,0,1,,"insert into player_stat values ('Germany',18,0,0,0,1);"
Belgium,3,0,0,0,3,,"insert into player_stat values ('Belgium',3,0,0,0,3);"
Korea Republic,20,0,0,0,5,,"insert into player_stat values ('Korea Republic',20,0,0,0,5);"
Croatia,6,0,1,0,7,,"insert into player_stat values ('Croatia',6,0,1,0,7);"
Australia,12,NULL,NULL,NULL,NULL,,"insert into player_stat values ('Australia',12,NULL,NULL,NULL,NULL);"
Belgium,4,0,0,0,7,,"insert into player_stat values ('Belgium',4,0,0,0,7);"
Tunisia,17,0,0,0,5,,"insert into player_stat values ('Tunisia',17,0,0,0,5);"
Mexico,20,NULL,NULL,NULL,NULL,,"insert into player_stat values ('Mexico',20,NULL,NULL,NULL,NULL);"
Sweden,17,0,1,0,5,,"insert into player_stat values ('Sweden',17,0,1,0,5);"
Poland,16,0,0,1,0,,"insert into player_stat values ('Poland',16,0,0,1,0);"
Iceland,20,0,1,0,3,,"insert into player_stat values ('Iceland',20,0,1,0,3);"
Brazil,22,0,1,0,7,,"insert into player_stat values ('Brazil',22,0,1,0,7);"
Japan,1,0,1,0,0,,"insert into player_stat values ('Japan',1,0,1,0,0);"
Iceland,4,0,0,0,0,,"insert into player_stat values ('Iceland',4,0,0,0,0);"
Iceland,3,NULL,NULL,NULL,NULL,,"insert into player_stat values ('Iceland',3,NULL,NULL,NULL,NULL);"
Sweden,1,0,0,0,0,,"insert into player_stat values ('Sweden',1,0,0,0,0);"
Portugal,13,NULL,NULL,NULL,NULL,,"insert into player_stat values ('Portugal',13,NULL,NULL,NULL,NULL);"
Belgium,11,0,0,0,5,,"insert into player_stat values ('Belgium',11,0,0,0,5);"
Belgium,13,NULL,NULL,NULL,NULL,,"insert into player_stat values ('Belgium',13,NULL,NULL,NULL,NULL);"
Switzerland,16,NULL,NULL,NULL,NULL,,"insert into player_stat values ('Switzerland',16,NULL,NULL,NULL,NULL);"
France,22,0,0,0,0,,"insert into player_stat values ('France',22,0,0,0,0);"
Croatia,16,NULL,NULL,NULL,NULL,,"insert into player_stat values ('Croatia',16,NULL,NULL,NULL,NULL);"
IR Iran,14,0,0,0,4,,"insert into player_stat values ('IR Iran',14,0,0,0,4);"
Egypt,11,0,0,0,2,,"insert into player_stat values ('Egypt',11,0,0,0,2);"
Germany,13,0,1,1,3,,"insert into player_stat values ('Germany',13,0,1,1,3);"
Iceland,6,0,0,0,3,,"insert into player_stat values ('Iceland',6,0,0,0,3);"
Uruguay,4,0,0,0,0,,"insert into player_stat values ('Uruguay',4,0,0,0,0);"
Mexico,8,0,0,0,1,,"insert into player_stat values ('Mexico',8,0,0,0,1);"
Brazil,23,NULL,NULL,NULL,NULL,,"insert into player_stat values ('Brazil',23,NULL,NULL,NULL,NULL);"
Mexico,9,0,0,0,2,,"insert into player_stat values ('Mexico',9,0,0,0,2);"
Poland,11,0,0,0,1,,"insert into player_stat values ('Poland',11,0,0,0,1);"
Egypt,12,NULL,NULL,NULL,NULL,,"insert into player_stat values ('Egypt',12,NULL,NULL,NULL,NULL);"
Senegal,6,0,1,0,1,,"insert into player_stat values ('Senegal',6,0,1,0,1);"
Nigeria,4,0,0,0,5,,"insert into player_stat values ('Nigeria',4,0,0,0,5);"
Switzerland,14,0,0,1,2,,"insert into player_stat values ('Switzerland',14,0,0,1,2);"
Poland,20,0,0,0,0,,"insert into player_stat values ('Poland',20,0,0,0,0);"
Iceland,17,0,0,0,1,,"insert into player_stat values ('Iceland',17,0,0,0,1);"
Costa Rica,11,0,0,1,6,,"insert into player_stat values ('Costa Rica',11,0,0,1,6);"
IR Iran,5,0,0,0,0,,"insert into player_stat values ('IR Iran',5,0,0,0,0);"
Argentina,12,0,0,0,0,,"insert into player_stat values ('Argentina',12,0,0,0,0);"
Tunisia,11,0,0,0,1,,"insert into player_stat values ('Tunisia',11,0,0,0,1);"
Russia,5,NULL,NULL,NULL,NULL,,"insert into player_stat values ('Russia',5,NULL,NULL,NULL,NULL);"
Tunisia,14,0,0,0,0,,"insert into player_stat values ('Tunisia',14,0,0,0,0);"
Egypt,4,NULL,NULL,NULL,NULL,,"insert into player_stat values ('Egypt',4,NULL,NULL,NULL,NULL);"
Sweden,22,0,0,0,3,,"insert into player_stat values ('Sweden',22,0,0,0,3);"
Japan,13,0,0,0,1,,"insert into player_stat values ('Japan',13,0,0,0,1);"
Colombia,21,0,0,0,1,,"insert into player_stat values ('Colombia',21,0,0,0,1);"
Argentina,4,NULL,NULL,NULL,NULL,,"insert into player_stat values ('Argentina',4,NULL,NULL,NULL,NULL);"
Sweden,15,0,0,0,0,,"insert into player_stat values ('Sweden',15,0,0,0,0);"
Poland,21,0,0,0,0,,"insert into player_stat values ('Poland',21,0,0,0,0);"
Switzerland,10,0,1,0,4,,"insert into player_stat values ('Switzerland',10,0,1,0,4);"
Iceland,8,0,0,0,5,,"insert into player_stat values ('Iceland',8,0,0,0,5);"
Japan,2,NULL,NULL,NULL,NULL,,"insert into player_stat values ('Japan',2,NULL,NULL,NULL,NULL);"
Senegal,8,0,0,0,1,,"insert into player_stat values ('Senegal',8,0,0,0,1);"
IR Iran,17,0,0,1,4,,"insert into player_stat values ('IR Iran',17,0,0,1,4);"
,,,,,,,"insert into player_stat values ('',,,,,);"
Australia,2,NULL,NULL,NULL,NULL,,"insert into player_stat values ('Australia',2,NULL,NULL,NULL,NULL);"
Belgium,18,0,0,0,1,,"insert into player_stat values ('Belgium',18,0,0,0,1);"
Panama,8,0,1,2,4,,"insert into player_stat values ('Panama',8,0,1,2,4);"
Senegal,20,0,0,0,1,,"insert into player_stat values ('Senegal',20,0,0,0,1);"
Saudi Arabia,10,0,0,0,2,,"insert into player_stat values ('Saudi Arabia',10,0,0,0,2);"
England,1,0,0,0,0,,"insert into player_stat values ('England',1,0,0,0,0);"
Croatia,20,0,1,0,1,,"insert into player_stat values ('Croatia',20,0,1,0,1);"
Egypt,17,0,0,0,3,,"insert into player_stat values ('Egypt',17,0,0,0,3);"
Portugal,16,0,1,0,1,,"insert into player_stat values ('Portugal',16,0,1,0,1);"
Egypt,18,NULL,NULL,NULL,NULL,,"insert into player_stat values ('Egypt',18,NULL,NULL,NULL,NULL);"
Denmark,7,0,0,0,0,,"insert into player_stat values ('Denmark',7,0,0,0,0);"
Uruguay,12,NULL,NULL,NULL,NULL,,"insert into player_stat values ('Uruguay',12,NULL,NULL,NULL,NULL);"
Serbia,14,NULL,NULL,NULL,NULL,,"insert into player_stat values ('Serbia',14,NULL,NULL,NULL,NULL);"
Peru,15,0,0,1,0,,"insert into player_stat values ('Peru',15,0,0,1,0);"
Argentina,16,0,1,0,2,,"insert into player_stat values ('Argentina',16,0,1,0,2);"
Sweden,12,NULL,NULL,NULL,NULL,,"insert into player_stat values ('Sweden',12,NULL,NULL,NULL,NULL);"
IR Iran,23,0,0,0,4,,"insert into player_stat values ('IR Iran',23,0,0,0,4);"
Japan,18,NULL,NULL,NULL,NULL,,"insert into player_stat values ('Japan',18,NULL,NULL,NULL,NULL);"
Spain,20,0,0,0,0,,"insert into player_stat values ('Spain',20,0,0,0,0);"
Senegal,21,0,0,0,1,,"insert into player_stat values ('Senegal',21,0,0,0,1);"
Iceland,13,NULL,NULL,NULL,NULL,,"insert into player_stat values ('Iceland',13,NULL,NULL,NULL,NULL);"
Nigeria,18,0,0,0,1,,"insert into player_stat values ('Nigeria',18,0,0,0,1);"
Senegal,3,0,0,0,4,,"insert into player_stat values ('Senegal',3,0,0,0,4);"
Brazil,18,NULL,NULL,NULL,NULL,,"insert into player_stat values ('Brazil',18,NULL,NULL,NULL,NULL);"
Brazil,3,0,0,0,8,,"insert into player_stat values ('Brazil',3,0,0,0,8);"
Morocco,5,0,1,0,5,,"insert into player_stat values ('Morocco',5,0,1,0,5);"
Nigeria,10,0,1,0,5,,"insert into player_stat values ('Nigeria',10,0,1,0,5);"
Saudi Arabia,7,0,0,1,3,,"insert into player_stat values ('Saudi Arabia',7,0,0,1,3);"
Spain,4,0,0,0,3,,"insert into player_stat values ('Spain',4,0,0,0,3);"
Argentina,15,0,0,0,5,,"insert into player_stat values ('Argentina',15,0,0,0,5);"
Croatia,21,0,1,0,2,,"insert into player_stat values ('Croatia',21,0,1,0,2);"
Germany,21,0,0,0,0,,"insert into player_stat values ('Germany',21,0,0,0,0);"
Brazil,19,0,0,0,5,,"insert into player_stat values ('Brazil',19,0,0,0,5);"
Japan,15,0,0,3,2,,"insert into player_stat values ('Japan',15,0,0,3,2);"
Uruguay,2,0,0,0,3,,"insert into player_stat values ('Uruguay',2,0,0,0,3);"
Poland,19,0,0,0,2,,"insert into player_stat values ('Poland',19,0,0,0,2);"
Costa Rica,7,0,0,1,0,,"insert into player_stat values ('Costa Rica',7,0,0,1,0);"
Egypt,16,NULL,NULL,NULL,NULL,,"insert into player_stat values ('Egypt',16,NULL,NULL,NULL,NULL);"
Croatia,8,0,0,0,3,,"insert into player_stat values ('Croatia',8,0,0,0,3);"
Costa Rica,15,0,1,0,1,,"insert into player_stat values ('Costa Rica',15,0,1,0,1);"
Peru,5,NULL,NULL,NULL,NULL,,"insert into player_stat values ('Peru',5,NULL,NULL,NULL,NULL);"
Panama,14,NULL,NULL,NULL,NULL,,"insert into player_stat values ('Panama',14,NULL,NULL,NULL,NULL);"
Japan,19,0,0,1,0,,"insert into player_stat values ('Japan',19,0,0,1,0);"
Brazil,11,0,1,0,2,,"insert into player_stat values ('Brazil',11,0,1,0,2);"
Korea Republic,11,0,1,0,5,,"insert into player_stat values ('Korea Republic',11,0,1,0,5);"
Poland,15,0,0,0,2,,"insert into player_stat values ('Poland',15,0,0,0,2);"
Brazil,15,0,0,0,3,,"insert into player_stat values ('Brazil',15,0,0,0,3);"
Poland,10,0,1,0,3,,"insert into player_stat values ('Poland',10,0,1,0,3);"
Russia,13,0,0,0,7,,"insert into player_stat values ('Russia',13,0,0,0,7);"
Peru,6,0,0,0,2,,"insert into player_stat values ('Peru',6,0,0,0,2);"
Russia,20,NULL,NULL,NULL,NULL,,"insert into player_stat values ('Russia',20,NULL,NULL,NULL,NULL);"
Iceland,2,0,1,0,1,,"insert into player_stat values ('Iceland',2,0,1,0,1);"
Senegal,10,0,0,4,7,,"insert into player_stat values ('Senegal',10,0,0,4,7);"
Belgium,15,0,2,0,9,,"insert into player_stat values ('Belgium',15,0,2,0,9);"
Mexico,13,0,0,0,1,,"insert into player_stat values ('Mexico',13,0,0,0,1);"
Argentina,21,0,0,0,0,,"insert into player_stat values ('Argentina',21,0,0,0,0);"
Nigeria,1,NULL,NULL,NULL,NULL,,"insert into player_stat values ('Nigeria',1,NULL,NULL,NULL,NULL);"
Egypt,15,NULL,NULL,NULL,NULL,,"insert into player_stat values ('Egypt',15,NULL,NULL,NULL,NULL);"
Mexico,10,0,0,0,0,,"insert into player_stat values ('Mexico',10,0,0,0,0);"
Mexico,2,0,0,0,0,,"insert into player_stat values ('Mexico',2,0,0,0,0);"
Costa Rica,10,0,0,1,3,,"insert into player_stat values ('Costa Rica',10,0,0,1,3);"
Saudi Arabia,8,0,0,0,0,,"insert into player_stat values ('Saudi Arabia',8,0,0,0,0);"
Japan,11,0,0,0,2,,"insert into player_stat values ('Japan',11,0,0,0,2);"
Uruguay,3,0,0,1,5,,"insert into player_stat values ('Uruguay',3,0,0,1,5);"
Colombia,13,0,0,0,6,,"insert into player_stat values ('Colombia',13,0,0,0,6);"
Mexico,4,0,0,0,1,,"insert into player_stat values ('Mexico',4,0,0,0,1);"
Japan,8,0,0,0,4,,"insert into player_stat values ('Japan',8,0,0,0,4);"
Korea Republic,22,0,0,0,1,,"insert into player_stat values ('Korea Republic',22,0,0,0,1);"
Spain,14,NULL,NULL,NULL,NULL,,"insert into player_stat values ('Spain',14,NULL,NULL,NULL,NULL);"
Japan,9,0,0,0,1,,"insert into player_stat values ('Japan',9,0,0,0,1);"
Spain,6,0,0,0,3,,"insert into player_stat values ('Spain',6,0,0,0,3);"
Poland,8,NULL,NULL,NULL,NULL,,"insert into player_stat values ('Poland',8,NULL,NULL,NULL,NULL);"
Russia,14,0,0,0,0,,"insert into player_stat values ('Russia',14,0,0,0,0);"
Switzerland,18,0,0,2,2,,"insert into player_stat values ('Switzerland',18,0,0,2,2);"
England,16,0,0,0,2,,"insert into player_stat values ('England',16,0,0,0,2);"
Morocco,20,0,0,0,1,,"insert into player_stat values ('Morocco',20,0,0,0,1);"
Colombia,2,0,0,0,0,,"insert into player_stat values ('Colombia',2,0,0,0,0);"
Morocco,16,0,1,1,10,,"insert into player_stat values ('Morocco',16,0,1,1,10);"
Uruguay,11,0,0,0,5,,"insert into player_stat values ('Uruguay',11,0,0,0,5);"
Spain,15,0,0,0,4,,"insert into player_stat values ('Spain',15,0,0,0,4);"
Egypt,21,0,1,0,6,,"insert into player_stat values ('Egypt',21,0,1,0,6);"
Morocco,6,0,0,0,2,,"insert into player_stat values ('Morocco',6,0,0,0,2);"
Australia,16,0,1,0,4,,"insert into player_stat values ('Australia',16,0,1,0,4);"
IR Iran,3,0,1,0,0,,"insert into player_stat values ('IR Iran',3,0,1,0,0);"
Croatia,9,0,0,2,2,,"insert into player_stat values ('Croatia',9,0,0,2,2);"
Panama,10,0,0,1,0,,"insert into player_stat values ('Panama',10,0,0,1,0);"
Senegal,7,NULL,NULL,NULL,NULL,,"insert into player_stat values ('Senegal',7,NULL,NULL,NULL,NULL);"
Brazil,20,0,0,0,2,,"insert into player_stat values ('Brazil',20,0,0,0,2);"
Germany,17,1,0,0,5,,"insert into player_stat values ('Germany',17,1,0,0,5);"
Germany,14,0,0,0,1,,"insert into player_stat values ('Germany',14,0,0,0,1);"
Saudi Arabia,9,0,0,0,1,,"insert into player_stat values ('Saudi Arabia',9,0,0,0,1);"
France,1,0,0,0,0,,"insert into player_stat values ('France',1,0,0,0,0);"
Iceland,19,0,0,0,2,,"insert into player_stat values ('Iceland',19,0,0,0,2);"
Spain,16,NULL,NULL,NULL,NULL,,"insert into player_stat values ('Spain',16,NULL,NULL,NULL,NULL);"
France,3,0,0,0,1,,"insert into player_stat values ('France',3,0,0,0,1);"
Portugal,3,0,0,0,3,,"insert into player_stat values ('Portugal',3,0,0,0,3);"
Mexico,15,0,2,0,5,,"insert into player_stat values ('Mexico',15,0,2,0,5);"
Colombia,16,0,0,0,3,,"insert into player_stat values ('Colombia',16,0,0,0,3);"
Switzerland,15,0,0,0,8,,"insert into player_stat values ('Switzerland',15,0,0,0,8);"
Denmark,1,0,0,0,0,,"insert into player_stat values ('Denmark',1,0,0,0,0);"
Korea Republic,2,0,1,0,6,,"insert into player_stat values ('Korea Republic',2,0,1,0,6);"
Brazil,4,NULL,NULL,NULL,NULL,,"insert into player_stat values ('Brazil',4,NULL,NULL,NULL,NULL);"
Belgium,10,0,1,0,6,,"insert into player_stat values ('Belgium',10,0,1,0,6);"
Colombia,4,0,1,1,9,,"insert into player_stat values ('Colombia',4,0,1,1,9);"
Tunisia,8,0,0,0,3,,"insert into player_stat values ('Tunisia',8,0,0,0,3);"
Australia,10,0,0,2,2,,"insert into player_stat values ('Australia',10,0,0,2,2);"
IR Iran,20,0,1,0,5,,"insert into player_stat values ('IR Iran',20,0,1,0,5);"
Switzerland,17,0,1,0,3,,"insert into player_stat values ('Switzerland',17,0,1,0,3);"
Switzerland,9,0,0,1,3,,"insert into player_stat values ('Switzerland',9,0,0,1,3);"
Colombia,18,NULL,NULL,NULL,NULL,,"insert into player_stat values ('Colombia',18,NULL,NULL,NULL,NULL);"
Morocco,7,0,0,0,8,,"insert into player_stat values ('Morocco',7,0,0,0,8);"
Australia,15,0,1,0,5,,"insert into player_stat values ('Australia',15,0,1,0,5);"
IR Iran,2,NULL,NULL,NULL,NULL,,"insert into player_stat values ('IR Iran',2,NULL,NULL,NULL,NULL);"
France,9,0,1,0,14,,"insert into player_stat values ('France',9,0,1,0,14);"
Argentina,14,0,2,0,15,,"insert into player_stat values ('Argentina',14,0,2,0,15);"
Nigeria,22,0,0,0,2,,"insert into player_stat values ('Nigeria',22,0,0,0,2);"
Spain,9,0,0,0,0,,"insert into player_stat values ('Spain',9,0,0,0,0);"
Australia,22,0,0,0,0,,"insert into player_stat values ('Australia',22,0,0,0,0);"
Panama,5,0,0,0,1,,"insert into player_stat values ('Panama',5,0,0,0,1);"
Japan,21,0,0,0,0,,"insert into player_stat values ('Japan',21,0,0,0,0);"
IR Iran,10,0,1,0,3,,"insert into player_stat values ('IR Iran',10,0,1,0,3);"
Senegal,5,0,1,0,7,,"insert into player_stat values ('Senegal',5,0,1,0,7);"
Morocco,18,0,0,0,1,,"insert into player_stat values ('Morocco',18,0,0,0,1);"
Morocco,11,0,0,0,3,,"insert into player_stat values ('Morocco',11,0,0,0,3);"
Egypt,10,0,0,3,1,,"insert into player_stat values ('Egypt',10,0,0,3,1);"
Portugal,18,0,0,0,0,,"insert into player_stat values ('Portugal',18,0,0,0,0);"
Argentina,22,0,0,0,1,,"insert into player_stat values ('Argentina',22,0,0,0,1);"
Iceland,21,0,0,0,0,,"insert into player_stat values ('Iceland',21,0,0,0,0);"
Colombia,7,0,1,0,4,,"insert into player_stat values ('Colombia',7,0,1,0,4);"
Colombia,3,0,0,0,0,,"insert into player_stat values ('Colombia',3,0,0,0,0);"
Morocco,3,NULL,NULL,NULL,NULL,,"insert into player_stat values ('Morocco',3,NULL,NULL,NULL,NULL);"
Tunisia,3,0,0,0,1,,"insert into player_stat values ('Tunisia',3,0,0,0,1);"
Germany,6,0,0,0,2,,"insert into player_stat values ('Germany',6,0,0,0,2);"
Peru,8,0,0,1,1,,"insert into player_stat values ('Peru',8,0,0,1,1);"
Costa Rica,19,0,1,0,0,,"insert into player_stat values ('Costa Rica',19,0,1,0,0);"
IR Iran,1,0,0,0,0,,"insert into player_stat values ('IR Iran',1,0,0,0,0);"
Tunisia,9,0,1,0,4,,"insert into player_stat values ('Tunisia',9,0,1,0,4);"
Australia,11,0,0,0,1,,"insert into player_stat values ('Australia',11,0,0,0,1);"
Denmark,2,0,0,0,0,,"insert into player_stat values ('Denmark',2,0,0,0,0);"
Belgium,16,0,0,1,1,,"insert into player_stat values ('Belgium',16,0,0,1,1);"
,,,,,,,"insert into player_stat values ('',,,,,);"
Japan,4,0,0,0,0,,"insert into player_stat values ('Japan',4,0,0,0,0);"
Sweden,19,NULL,NULL,NULL,NULL,,"insert into player_stat values ('Sweden',19,NULL,NULL,NULL,NULL);"
Saudi Arabia,23,0,0,0,0,,"insert into player_stat values ('Saudi Arabia',23,0,0,0,0);"
Argentina,3,0,1,0,5,,"insert into player_stat values ('Argentina',3,0,1,0,5);"
Saudi Arabia,18,0,0,1,4,,"insert into player_stat values ('Saudi Arabia',18,0,0,1,4);"
IR Iran,8,0,0,0,0,,"insert into player_stat values ('IR Iran',8,0,0,0,0);"
Korea Republic,17,0,1,0,7,,"insert into player_stat values ('Korea Republic',17,0,1,0,7);"
Peru,14,NULL,NULL,NULL,NULL,,"insert into player_stat values ('Peru',14,NULL,NULL,NULL,NULL);"
Argentina,19,0,0,2,0,,"insert into player_stat values ('Argentina',19,0,0,2,0);"
Poland,4,0,0,0,1,,"insert into player_stat values ('Poland',4,0,0,0,1);"
Egypt,6,0,1,0,2,,"insert into player_stat values ('Egypt',6,0,1,0,2);"
Korea Republic,18,0,1,0,7,,"insert into player_stat values ('Korea Republic',18,0,1,0,7);"
Iceland,5,0,0,0,3,,"insert into player_stat values ('Iceland',5,0,0,0,3);"
Argentina,6,0,0,0,0,,"insert into player_stat values ('Argentina',6,0,0,0,0);"
Colombia,19,0,0,0,0,,"insert into player_stat values ('Colombia',19,0,0,0,0);"
Poland,14,0,0,0,1,,"insert into player_stat values ('Poland',14,0,0,0,1);"
Croatia,11,0,1,0,5,,"insert into player_stat values ('Croatia',11,0,1,0,5);"
Costa Rica,12,0,1,0,3,,"insert into player_stat values ('Costa Rica',12,0,1,0,3);"
Denmark,11,0,0,1,5,,"insert into player_stat values ('Denmark',11,0,0,1,5);"
Switzerland,2,0,2,0,2,,"insert into player_stat values ('Switzerland',2,0,2,0,2);"
Portugal,21,0,1,0,6,,"insert into player_stat values ('Portugal',21,0,1,0,6);"
Iceland,10,0,0,0,2,,"insert into player_stat values ('Iceland',10,0,0,0,2);"
Portugal,19,NULL,NULL,NULL,NULL,,"insert into player_stat values ('Portugal',19,NULL,NULL,NULL,NULL);"
Colombia,20,0,0,0,1,,"insert into player_stat values ('Colombia',20,0,0,0,1);"
Croatia,12,0,0,0,0,,"insert into player_stat values ('Croatia',12,0,0,0,0);"
Panama,11,0,2,0,4,,"insert into player_stat values ('Panama',11,0,2,0,4);"
Uruguay,8,0,0,0,6,,"insert into player_stat values ('Uruguay',8,0,0,0,6);"
Brazil,13,0,0,0,0,,"insert into player_stat values ('Brazil',13,0,0,0,0);"
Costa Rica,16,0,1,0,4,,"insert into player_stat values ('Costa Rica',16,0,1,0,4);"
Nigeria,2,0,1,0,3,,"insert into player_stat values ('Nigeria',2,0,1,0,3);"
Portugal,23,0,1,0,2,,"insert into player_stat values ('Portugal',23,0,1,0,2);"
Nigeria,13,0,0,0,3,,"insert into player_stat values ('Nigeria',13,0,0,0,3);"
Argentina,23,0,0,0,0,,"insert into player_stat values ('Argentina',23,0,0,0,0);"
,,,,,,,"insert into player_stat values ('',,,,,);"
Sweden,4,0,0,0,9,,"insert into player_stat values ('Sweden',4,0,0,0,9);"
Morocco,19,0,0,0,0,,"insert into player_stat values ('Morocco',19,0,0,0,0);"
Australia,9,0,0,0,0,,"insert into player_stat values ('Australia',9,0,0,0,0);"
Portugal,22,NULL,NULL,NULL,NULL,,"insert into player_stat values ('Portugal',22,NULL,NULL,NULL,NULL);"
England,19,0,0,1,4,,"insert into player_stat values ('England',19,0,0,1,4);"
Denmark,12,0,0,0,1,,"insert into player_stat values ('Denmark',12,0,0,0,1);"
Switzerland,12,NULL,NULL,NULL,NULL,,"insert into player_stat values ('Switzerland',12,NULL,NULL,NULL,NULL);"
Peru,13,0,1,0,3,,"insert into player_stat values ('Peru',13,0,1,0,3);"
Korea Republic,6,0,0,0,1,,"insert into player_stat values ('Korea Republic',6,0,0,0,1);"
Egypt,5,0,1,0,1,,"insert into player_stat values ('Egypt',5,0,1,0,1);"
IR Iran,7,0,1,0,3,,"insert into player_stat values ('IR Iran',7,0,1,0,3);"
Costa Rica,4,0,0,0,0,,"insert into player_stat values ('Costa Rica',4,0,0,0,0);"
Colombia,6,1,1,0,6,,"insert into player_stat values ('Colombia',6,1,1,0,6);"
Serbia,6,0,1,0,2,,"insert into player_stat values ('Serbia',6,0,1,0,2);"
England,20,0,0,1,3,,"insert into player_stat values ('England',20,0,0,1,3);"
Tunisia,2,0,0,0,5,,"insert into player_stat values ('Tunisia',2,0,0,0,5);"
Sweden,13,0,0,0,1,,"insert into player_stat values ('Sweden',13,0,0,0,1);"
Germany,12,NULL,NULL,NULL,NULL,,"insert into player_stat values ('Germany',12,NULL,NULL,NULL,NULL);"
Serbia,13,0,0,0,1,,"insert into player_stat values ('Serbia',13,0,0,0,1);"
IR Iran,9,0,1,0,5,,"insert into player_stat values ('IR Iran',9,0,1,0,5);"
Panama,6,0,1,0,5,,"insert into player_stat values ('Panama',6,0,1,0,5);"
Saudi Arabia,5,0,0,0,1,,"insert into player_stat values ('Saudi Arabia',5,0,0,0,1);"
Russia,7,0,0,0,6,,"insert into player_stat values ('Russia',7,0,0,0,6);"
Panama,17,0,0,0,0,,"insert into player_stat values ('Panama',17,0,0,0,0);"
Tunisia,10,0,0,4,2,,"insert into player_stat values ('Tunisia',10,0,0,4,2);"
Mexico,7,0,1,0,3,,"insert into player_stat values ('Mexico',7,0,1,0,3);"
Peru,7,0,1,0,2,,"insert into player_stat values ('Peru',7,0,1,0,2);"
Morocco,1,NULL,NULL,NULL,NULL,,"insert into player_stat values ('Morocco',1,NULL,NULL,NULL,NULL);"
Uruguay,10,0,0,0,1,,"insert into player_stat values ('Uruguay',10,0,0,0,1);"
Belgium,2,0,2,0,4,,"insert into player_stat values ('Belgium',2,0,2,0,4);"
Belgium,19,0,0,0,7,,"insert into player_stat values ('Belgium',19,0,0,0,7);"
France,7,0,0,2,6,,"insert into player_stat values ('France',7,0,0,2,6);"
Korea Republic,12,0,0,0,3,,"insert into player_stat values ('Korea Republic',12,0,0,0,3);"
Panama,7,0,0,1,1,,"insert into player_stat values ('Panama',7,0,0,1,1);"
Nigeria,11,0,0,0,4,,"insert into player_stat values ('Nigeria',11,0,0,0,4);"
England,5,0,1,0,5,,"insert into player_stat values ('England',5,0,1,0,5);"
Belgium,5,0,2,0,5,,"insert into player_stat values ('Belgium',5,0,2,0,5);"
Russia,1,0,0,0,0,,"insert into player_stat values ('Russia',1,0,0,0,0);"
Brazil,5,0,2,0,4,,"insert into player_stat values ('Brazil',5,0,2,0,4);"
Morocco,17,0,0,0,4,,"insert into player_stat values ('Morocco',17,0,0,0,4);"
Colombia,22,NULL,NULL,NULL,NULL,,"insert into player_stat values ('Colombia',22,NULL,NULL,NULL,NULL);"
Tunisia,1,0,0,0,0,,"insert into player_stat values ('Tunisia',1,0,0,0,0);"
Portugal,6,0,0,0,4,,"insert into player_stat values ('Portugal',6,0,0,0,4);"
Denmark,22,NULL,NULL,NULL,NULL,,"insert into player_stat values ('Denmark',22,NULL,NULL,NULL,NULL);"
Russia,17,0,1,0,16,,"insert into player_stat values ('Russia',17,0,1,0,16);"
Denmark,14,0,0,0,8,,"insert into player_stat values ('Denmark',14,0,0,0,8);"
Egypt,2,0,1,0,2,,"insert into player_stat values ('Egypt',2,0,1,0,2);"
Portugal,14,0,0,0,6,,"insert into player_stat values ('Portugal',14,0,0,0,6);"
Russia,11,0,1,0,8,,"insert into player_stat values ('Russia',11,0,1,0,8);"
Peru,21,NULL,NULL,NULL,NULL,,"insert into player_stat values ('Peru',21,NULL,NULL,NULL,NULL);"
Saudi Arabia,21,0,0,0,0,,"insert into player_stat values ('Saudi Arabia',21,0,0,0,0);"
Saudi Arabia,12,0,0,0,1,,"insert into player_stat values ('Saudi Arabia',12,0,0,0,1);"
Colombia,17,0,1,0,3,,"insert into player_stat values ('Colombia',17,0,1,0,3);"
Peru,16,0,0,0,1,,"insert into player_stat values ('Peru',16,0,0,0,1);"
Croatia,13,0,1,0,1,,"insert into player_stat values ('Croatia',13,0,1,0,1);"
Colombia,11,0,1,0,4,,"insert into player_stat values ('Colombia',11,0,1,0,4);"
Sweden,8,0,1,0,1,,"insert into player_stat values ('Sweden',8,0,1,0,1);"
Egypt,22,0,0,0,1,,"insert into player_stat values ('Egypt',22,0,0,0,1);"
Croatia,5,0,1,0,3,,"insert into player_stat values ('Croatia',5,0,1,0,3);"
Tunisia,19,0,0,1,0,,"insert into player_stat values ('Tunisia',19,0,0,1,0);"
England,7,0,1,1,9,,"insert into player_stat values ('England',7,0,1,1,9);"
Spain,11,0,0,0,2,,"insert into player_stat values ('Spain',11,0,0,0,2);"
Iceland,12,NULL,NULL,NULL,NULL,,"insert into player_stat values ('Iceland',12,NULL,NULL,NULL,NULL);"
Portugal,17,0,0,2,3,,"insert into player_stat values ('Portugal',17,0,0,2,3);"
Japan,22,0,0,0,5,,"insert into player_stat values ('Japan',22,0,0,0,5);"
Sweden,20,0,0,1,4,,"insert into player_stat values ('Sweden',20,0,0,1,4);"
IR Iran,13,NULL,NULL,NULL,NULL,,"insert into player_stat values ('IR Iran',13,NULL,NULL,NULL,NULL);"
Australia,21,NULL,NULL,NULL,NULL,,"insert into player_stat values ('Australia',21,NULL,NULL,NULL,NULL);"
Denmark,4,0,0,0,2,,"insert into player_stat values ('Denmark',4,0,0,0,2);"
Panama,12,NULL,NULL,NULL,NULL,,"insert into player_stat values ('Panama',12,NULL,NULL,NULL,NULL);"
Spain,18,0,0,1,2,,"insert into player_stat values ('Spain',18,0,0,1,2);"
Colombia,12,NULL,NULL,NULL,NULL,,"insert into player_stat values ('Colombia',12,NULL,NULL,NULL,NULL);"
Mexico,21,0,1,0,4,,"insert into player_stat values ('Mexico',21,0,1,0,4);"
Senegal,13,0,0,0,2,,"insert into player_stat values ('Senegal',13,0,0,0,2);"
Serbia,4,0,1,0,2,,"insert into player_stat values ('Serbia',4,0,1,0,2);"
Korea Republic,7,0,1,0,3,,"insert into player_stat values ('Korea Republic',7,0,1,0,3);"
Serbia,16,NULL,NULL,NULL,NULL,,"insert into player_stat values ('Serbia',16,NULL,NULL,NULL,NULL);"
Poland,1,0,0,0,0,,"insert into player_stat values ('Poland',1,0,0,0,0);"
France,5,0,0,0,6,,"insert into player_stat values ('France',5,0,0,0,6);"
France,10,0,2,1,1,,"insert into player_stat values ('France',10,0,2,1,1);"
Germany,1,0,0,0,0,,"insert into player_stat values ('Germany',1,0,0,0,0);"
Serbia,11,0,0,0,7,,"insert into player_stat values ('Serbia',11,0,0,0,7);"
Croatia,23,0,0,0,0,,"insert into player_stat values ('Croatia',23,0,0,0,0);"
Brazil,14,0,0,0,0,,"insert into player_stat values ('Brazil',14,0,0,0,0);"
Iceland,23,0,0,0,0,,"insert into player_stat values ('Iceland',23,0,0,0,0);"
Morocco,4,0,1,0,2,,"insert into player_stat values ('Morocco',4,0,1,0,2);"
Egypt,3,NULL,NULL,NULL,NULL,,"insert into player_stat values ('Egypt',3,NULL,NULL,NULL,NULL);"
Sweden,5,0,0,0,1,,"insert into player_stat values ('Sweden',5,0,0,0,1);"
Switzerland,6,1,0,0,3,,"insert into player_stat values ('Switzerland',6,1,0,0,3);"
Spain,8,0,0,0,0,,"insert into player_stat values ('Spain',8,0,0,0,0);"
Panama,15,0,1,0,4,,"insert into player_stat values ('Panama',15,0,1,0,4);"
IR Iran,19,0,0,0,1,,"insert into player_stat values ('IR Iran',19,0,0,0,1);"
Mexico,5,NULL,NULL,NULL,NULL,,"insert into player_stat values ('Mexico',5,NULL,NULL,NULL,NULL);"
Belgium,20,0,0,0,4,,"insert into player_stat values ('Belgium',20,0,0,0,4);"
Senegal,16,0,0,0,0,,"insert into player_stat values ('Senegal',16,0,0,0,0);"
Tunisia,20,0,1,0,4,,"insert into player_stat values ('Tunisia',20,0,1,0,4);"
Sweden,18,0,0,0,3,,"insert into player_stat values ('Sweden',18,0,0,0,3);"
Egypt,8,0,0,0,6,,"insert into player_stat values ('Egypt',8,0,0,0,6);"
Senegal,4,NULL,NULL,NULL,NULL,,"insert into player_stat values ('Senegal',4,NULL,NULL,NULL,NULL);"
England,2,0,2,0,2,,"insert into player_stat values ('England',2,0,2,0,2);"
Serbia,23,NULL,NULL,NULL,NULL,,"insert into player_stat values ('Serbia',23,NULL,NULL,NULL,NULL);"
Croatia,7,0,1,1,9,,"insert into player_stat values ('Croatia',7,0,1,1,9);"
Senegal,18,0,0,1,4,,"insert into player_stat values ('Senegal',18,0,0,1,4);"
Portugal,8,0,0,0,6,,"insert into player_stat values ('Portugal',8,0,0,0,6);"
Serbia,20,0,1,2,9,,"insert into player_stat values ('Serbia',20,0,1,2,9);"
Morocco,2,0,1,0,2,,"insert into player_stat values ('Morocco',2,0,1,0,2);"
Saudi Arabia,14,0,0,0,2,,"insert into player_stat values ('Saudi Arabia',14,0,0,0,2);"
Senegal,14,0,0,0,0,,"insert into player_stat values ('Senegal',14,0,0,0,0);"
Serbia,8,0,1,0,0,,"insert into player_stat values ('Serbia',8,0,1,0,0);"
Uruguay,17,0,0,0,4,,"insert into player_stat values ('Uruguay',17,0,0,0,4);"
Mexico,23,0,1,0,4,,"insert into player_stat values ('Mexico',23,0,1,0,4);"
Panama,18,0,1,1,4,,"insert into player_stat values ('Panama',18,0,1,1,4);"
Japan,14,0,1,1,2,,"insert into player_stat values ('Japan',14,0,1,1,2);"
England,23,NULL,NULL,NULL,NULL,,"insert into player_stat values ('England',23,NULL,NULL,NULL,NULL);"
Portugal,9,0,0,1,1,,"insert into player_stat values ('Portugal',9,0,0,1,1);"
Denmark,6,0,0,0,2,,"insert into player_stat values ('Denmark',6,0,0,0,2);"
England,15,0,0,0,1,,"insert into player_stat values ('England',15,0,0,0,1);"
Uruguay,7,0,1,0,2,,"insert into player_stat values ('Uruguay',7,0,1,0,2);"
Mexico,14,0,0,3,2,,"insert into player_stat values ('Mexico',14,0,0,3,2);"
Uruguay,20,0,0,0,0,,"insert into player_stat values ('Uruguay',20,0,0,0,0);"
Australia,3,NULL,NULL,NULL,NULL,,"insert into player_stat values ('Australia',3,NULL,NULL,NULL,NULL);"
Serbia,18,0,0,0,0,,"insert into player_stat values ('Serbia',18,0,0,0,0);"
Japan,3,0,0,0,0,,"insert into player_stat values ('Japan',3,0,0,0,0);"
Germany,8,0,0,0,1,,"insert into player_stat values ('Germany',8,0,0,0,1);"
Saudi Arabia,15,NULL,NULL,NULL,NULL,,"insert into player_stat values ('Saudi Arabia',15,NULL,NULL,NULL,NULL);"
Egypt,20,NULL,NULL,NULL,NULL,,"insert into player_stat values ('Egypt',20,NULL,NULL,NULL,NULL);"
Switzerland,13,0,0,0,5,,"insert into player_stat values ('Switzerland',13,0,0,0,5);"
Croatia,15,0,0,0,1,,"insert into player_stat values ('Croatia',15,0,0,0,1);"
Argentina,10,0,1,0,4,,"insert into player_stat values ('Argentina',10,0,1,0,4);"
IR Iran,22,NULL,NULL,NULL,NULL,,"insert into player_stat values ('IR Iran',22,NULL,NULL,NULL,NULL);"
Croatia,18,0,2,1,21,,"insert into player_stat values ('Croatia',18,0,2,1,21);"
Poland,17,0,0,0,0,,"insert into player_stat values ('Poland',17,0,0,0,0);"
Switzerland,5,0,0,0,3,,"insert into player_stat values ('Switzerland',5,0,0,0,3);"
Senegal,12,0,1,1,7,,"insert into player_stat values ('Senegal',12,0,1,1,7);"
Switzerland,7,0,0,0,2,,"insert into player_stat values ('Switzerland',7,0,0,0,2);"
Costa Rica,21,0,0,2,4,,"insert into player_stat values ('Costa Rica',21,0,0,2,4);"
Saudi Arabia,17,0,1,0,3,,"insert into player_stat values ('Saudi Arabia',17,0,1,0,3);"
Poland,13,0,0,2,2,,"insert into player_stat values ('Poland',13,0,0,2,2);"
Denmark,5,0,0,0,1,,"insert into player_stat values ('Denmark',5,0,0,0,1);"
IR Iran,15,NULL,NULL,NULL,NULL,,"insert into player_stat values ('IR Iran',15,NULL,NULL,NULL,NULL);"
Poland,5,0,1,0,2,,"insert into player_stat values ('Poland',5,0,1,0,2);"
Germany,22,NULL,NULL,NULL,NULL,,"insert into player_stat values ('Germany',22,NULL,NULL,NULL,NULL);"
Germany,15,0,0,0,0,,"insert into player_stat values ('Germany',15,0,0,0,0);"
Iceland,15,NULL,NULL,NULL,NULL,,"insert into player_stat values ('Iceland',15,NULL,NULL,NULL,NULL);"
Iceland,9,0,0,0,1,,"insert into player_stat values ('Iceland',9,0,0,0,1);"
Brazil,21,NULL,NULL,NULL,NULL,,"insert into player_stat values ('Brazil',21,NULL,NULL,NULL,NULL);"
Australia,6,NULL,NULL,NULL,NULL,,"insert into player_stat values ('Australia',6,NULL,NULL,NULL,NULL);"
Morocco,10,0,0,0,4,,"insert into player_stat values ('Morocco',10,0,0,0,4);"
Switzerland,3,NULL,NULL,NULL,NULL,,"insert into player_stat values ('Switzerland',3,NULL,NULL,NULL,NULL);"
Mexico,12,NULL,NULL,NULL,NULL,,"insert into player_stat values ('Mexico',12,NULL,NULL,NULL,NULL);"
Russia,4,0,0,0,2,,"insert into player_stat values ('Russia',4,0,0,0,2);"
Australia,19,0,1,1,4,,"insert into player_stat values ('Australia',19,0,1,1,4);"
Mexico,3,0,1,0,5,,"insert into player_stat values ('Mexico',3,0,1,0,5);"
Denmark,10,0,0,0,1,,"insert into player_stat values ('Denmark',10,0,0,0,1);"
Egypt,23,0,0,0,0,,"insert into player_stat values ('Egypt',23,0,0,0,0);"
Tunisia,21,0,0,0,3,,"insert into player_stat values ('Tunisia',21,0,0,0,3);"
Portugal,10,0,0,0,5,,"insert into player_stat values ('Portugal',10,0,0,0,5);"
Germany,10,0,0,0,0,,"insert into player_stat values ('Germany',10,0,0,0,0);"
Portugal,2,NULL,NULL,NULL,NULL,,"insert into player_stat values ('Portugal',2,NULL,NULL,NULL,NULL);"
England,12,0,0,1,6,,"insert into player_stat values ('England',12,0,0,1,6);"
Tunisia,5,0,0,1,1,,"insert into player_stat values ('Tunisia',5,0,0,1,1);"
Saudi Arabia,11,NULL,NULL,NULL,NULL,,"insert into player_stat values ('Saudi Arabia',11,NULL,NULL,NULL,NULL);"
Peru,3,NULL,NULL,NULL,NULL,,"insert into player_stat values ('Peru',3,NULL,NULL,NULL,NULL);"
Egypt,19,0,0,0,0,,"insert into player_stat values ('Egypt',19,0,0,0,0);"
Tunisia,4,0,0,0,4,,"insert into player_stat values ('Tunisia',4,0,0,0,4);"
Russia,18,0,0,0,3,,"insert into player_stat values ('Russia',18,0,0,0,3);"
Korea Republic,13,0,0,0,0,,"insert into player_stat values ('Korea Republic',13,0,0,0,0);"
IR Iran,16,NULL,NULL,NULL,NULL,,"insert into player_stat values ('IR Iran',16,NULL,NULL,NULL,NULL);"
Costa Rica,1,0,0,0,0,,"insert into player_stat values ('Costa Rica',1,0,0,0,0);"
Japan,10,0,0,0,2,,"insert into player_stat values ('Japan',10,0,0,0,2);"
Nigeria,6,0,1,0,3,,"insert into player_stat values ('Nigeria',6,0,1,0,3);"
Denmark,19,0,0,0,2,,"insert into player_stat values ('Denmark',19,0,0,0,2);"
Australia,4,0,0,0,2,,"insert into player_stat values ('Australia',4,0,0,0,2);"
Sweden,11,0,1,0,1,,"insert into player_stat values ('Sweden',11,0,1,0,1);"
Senegal,23,NULL,NULL,NULL,NULL,,"insert into player_stat values ('Senegal',23,NULL,NULL,NULL,NULL);"
Colombia,15,0,0,0,2,,"insert into player_stat values ('Colombia',15,0,0,0,2);"
Sweden,23,NULL,NULL,NULL,NULL,,"insert into player_stat values ('Sweden',23,NULL,NULL,NULL,NULL);"
Spain,19,0,0,1,2,,"insert into player_stat values ('Spain',19,0,0,1,2);"
Russia,22,0,0,3,15,,"insert into player_stat values ('Russia',22,0,0,3,15);"
Colombia,10,0,1,1,4,,"insert into player_stat values ('Colombia',10,0,1,1,4);"
Mexico,6,0,0,0,0,,"insert into player_stat values ('Mexico',6,0,0,0,0);"
Australia,5,0,1,0,3,,"insert into player_stat values ('Australia',5,0,1,0,3);"
Costa Rica,3,0,0,0,1,,"insert into player_stat values ('Costa Rica',3,0,0,0,1);"
Denmark,20,0,2,1,9,,"insert into player_stat values ('Denmark',20,0,2,1,9);"
Germany,20,0,0,0,0,,"insert into player_stat values ('Germany',20,0,0,0,0);"
Argentina,20,NULL,NULL,NULL,NULL,,"insert into player_stat values ('Argentina',20,NULL,NULL,NULL,NULL);"
Korea Republic,16,0,0,0,6,,"insert into player_stat values ('Korea Republic',16,0,0,0,6);"
Costa Rica,17,0,0,0,0,,"insert into player_stat values ('Costa Rica',17,0,0,0,0);"
Serbia,3,0,0,0,4,,"insert into player_stat values ('Serbia',3,0,0,0,4);"
England,10,0,0,3,10,,"insert into player_stat values ('England',10,0,0,3,10);"
Korea Republic,4,NULL,NULL,NULL,NULL,,"insert into player_stat values ('Korea Republic',4,NULL,NULL,NULL,NULL);"
England,6,0,2,0,7,,"insert into player_stat values ('England',6,0,2,0,7);"
Russia,16,NULL,NULL,NULL,NULL,,"insert into player_stat values ('Russia',16,NULL,NULL,NULL,NULL);"
Germany,4,NULL,NULL,NULL,NULL,,"insert into player_stat values ('Germany',4,NULL,NULL,NULL,NULL);"
IR Iran,4,0,0,0,0,,"insert into player_stat values ('IR Iran',4,0,0,0,0);"
Serbia,22,0,1,0,1,,"insert into player_stat values ('Serbia',22,0,1,0,1);"
Korea Republic,21,NULL,NULL,NULL,NULL,,"insert into player_stat values ('Korea Republic',21,NULL,NULL,NULL,NULL);"
Costa Rica,9,0,0,0,4,,"insert into player_stat values ('Costa Rica',9,0,0,0,4);"
Poland,22,0,0,0,0,,"insert into player_stat values ('Poland',22,0,0,0,0);"
Panama,2,0,2,0,5,,"insert into player_stat values ('Panama',2,0,2,0,5);"
Poland,6,0,1,0,3,,"insert into player_stat values ('Poland',6,0,1,0,3);"
France,11,0,0,0,1,,"insert into player_stat values ('France',11,0,0,0,1);"
Denmark,13,0,2,0,4,,"insert into player_stat values ('Denmark',13,0,2,0,4);"
Morocco,14,0,1,0,5,,"insert into player_stat values ('Morocco',14,0,1,0,5);"
Costa Rica,8,0,0,0,4,,"insert into player_stat values ('Costa Rica',8,0,0,0,4);"
Denmark,16,NULL,NULL,NULL,NULL,,"insert into player_stat values ('Denmark',16,NULL,NULL,NULL,NULL);"
Australia,13,0,0,0,4,,"insert into player_stat values ('Australia',13,0,0,0,4);"
Morocco,9,0,0,0,2,,"insert into player_stat values ('Morocco',9,0,0,0,2);"
Sweden,21,0,0,0,2,,"insert into player_stat values ('Sweden',21,0,0,0,2);"
France,13,0,2,0,11,,"insert into player_stat values ('France',13,0,2,0,11);"
Portugal,1,0,0,0,0,,"insert into player_stat values ('Portugal',1,0,0,0,0);"
Saudi Arabia,20,0,0,0,0,,"insert into player_stat values ('Saudi Arabia',20,0,0,0,0);"
Panama,23,0,0,0,0,,"insert into player_stat values ('Panama',23,0,0,0,0);"
Costa Rica,13,0,0,0,1,,"insert into player_stat values ('Costa Rica',13,0,0,0,1);"
Russia,15,0,0,0,1,,"insert into player_stat values ('Russia',15,0,0,0,1);"
Tunisia,18,0,0,0,0,,"insert into player_stat values ('Tunisia',18,0,0,0,0);"
IR Iran,11,0,1,1,6,,"insert into player_stat values ('IR Iran',11,0,1,1,6);"
Switzerland,19,0,0,0,0,,"insert into player_stat values ('Switzerland',19,0,0,0,0);"
Spain,10,0,0,0,1,,"insert into player_stat values ('Spain',10,0,0,0,1);"
Serbia,9,0,2,3,5,,"insert into player_stat values ('Serbia',9,0,2,3,5);"
England,18,0,0,0,4,,"insert into player_stat values ('England',18,0,0,0,4);"
Egypt,13,0,0,0,2,,"insert into player_stat values ('Egypt',13,0,0,0,2);"
Serbia,1,0,0,0,0,,"insert into player_stat values ('Serbia',1,0,0,0,0);"
France,12,0,1,0,3,,"insert into player_stat values ('France',12,0,1,0,3);"
Spain,12,NULL,NULL,NULL,NULL,,"insert into player_stat values ('Spain',12,NULL,NULL,NULL,NULL);"
Russia,10,0,1,3,4,,"insert into player_stat values ('Russia',10,0,1,3,4);"
Nigeria,15,NULL,NULL,NULL,NULL,,"insert into player_stat values ('Nigeria',15,NULL,NULL,NULL,NULL);"
Serbia,10,0,0,0,3,,"insert into player_stat values ('Serbia',10,0,0,0,3);"
Nigeria,17,NULL,NULL,NULL,NULL,,"insert into player_stat values ('Nigeria',17,NULL,NULL,NULL,NULL);"
